"","orig.ident","nCount_RNA","nFeature_RNA","Sample","OriginalSub","Condition","Bank","Batch","Chemistry","Sequencing","Age","PMI","pH","Race","Sex","EstimatedNumCells","MeanReadsCell","MedianGenesCell","NumReads","ValidBarcodes","SequencingSaturation","Q30Barcode","Q30RNARead","Q30UMI","ReadsMappedGenome","ReadsMappedConfGenome","ReadsMappedIntergenic","ReadsMappedIntronic","ReadsMappedExonic","ReadsMappedTranscriptome","ReadsMappedAntisense","FractionReadsinCells","TotalGenesDetected","MedianUMICountsCell","percent.mt","nCount_SCT","nFeature_SCT","percent.ribo","RNA_snn_res.0.7","seurat_clusters","scclusteval_0.7_30_70","stable_70_0.7_scclusteval","stable_equivalent_70_0.7","pANN","DF.classifications","parameters"
"F1.GGAATCTGTCATTGCA-1","SeuratProject",2828,1438,"F1","63","Case","Douglas","8F","v3","Nova",25,20,6.73,"Caucasian","Female",4508,35095,1550,158211185,0.98,0.485,0.93,0.911,0.926,0.966,0.914,0.069,0.639,0.206,0.765,0.068,0.826,30433,2542,0.246913580246914,3304,1436,0.565770862800566,"40","40",NA,NA,"TRUE",0.205223880597015,"Singlet","pANN_0.25_0.26_232"
"F11.CACCGTTTCTGCGAGC-1","SeuratProject",3737,1793,"F11","198","Case","Douglas","8F","v3","Nova",41,54.25,6.7,"Caucasian","Female",2452,50705,3817,124329337,0.982,0.537,0.929,0.913,0.925,0.965,0.917,0.071,0.683,0.163,0.766,0.066,0.812,29699,9388,0.0802139037433155,8697,2448,0.374632057800375,"40","40",NA,NA,"TRUE",0.125,"Singlet","pANN_0.25_0.005_144"
"F13.GAACACTCACAAGCAG-1","SeuratProject",4633,1999,"F13","221","Control","Douglas","7F","v3","Nova",76,26.5,6.5,"Caucasian","Female",1712,46453,2264,79528658,0.98,0.563,0.929,0.916,0.925,0.972,0.924,0.075,0.453,0.395,0.798,0.041,0.735,27850,5558,1.48841165213693,5151,1993,0.280595726311245,"40","40",NA,NA,"TRUE",0.0555555555555556,"Singlet","pANN_0.25_0.01_82"
"F14.AGTGCCGTCGCTACAA-1","SeuratProject",4152,1945,"F14","222","Case","Douglas","12F","v3","Nova",36,26,6.9,"Caucasian","Female",3654,29157,1778,106541120,0.982,0.402,0.93,0.909,0.926,0.967,0.929,0.067,0.656,0.207,0.787,0.063,0.809,29789,3321,0,3971,1942,0.313102119460501,"40","40",NA,NA,"TRUE",0.232958801498127,"Singlet","pANN_0.25_0.29_207"
"F14.GGTGTTACAGCGAGTA-1","SeuratProject",4644,1919,"F14","222","Case","Douglas","12F","v3","Nova",36,26,6.9,"Caucasian","Female",3654,29157,1778,106541120,0.982,0.402,0.93,0.909,0.926,0.967,0.929,0.067,0.656,0.207,0.787,0.063,0.809,29789,3321,0,4149,1918,0.0861326442721792,"40","40",NA,NA,"TRUE",0.237453183520599,"Singlet","pANN_0.25_0.29_207"
"F16.ATCACGACAATAGGGC-1","SeuratProject",2733,1567,"F16","246","Case","Douglas","7F","v3","Nova",59,25.6,6.27,"Caucasian","Female",637,185450,1017,118132088,0.978,0.907,0.928,0.908,0.924,0.954,0.886,0.083,0.502,0.301,0.756,0.037,0.405,23773,1500,0.219058050383352,2003,1489,0.21953896816685,"40","40",NA,NA,"TRUE",0.147540983606557,"Singlet","pANN_0.25_0.16_34"
"F17.AAACGCTTCGAACTCA-1","SeuratProject",3370,1677,"F17","279","Case","Douglas","7F","v3","Nova",54,56.08,6.5,"Caucasian","Female",6196,13428,1292,83202185,0.976,0.274,0.929,0.909,0.925,0.968,0.921,0.068,0.675,0.179,0.771,0.07,0.602,29386,1962,0.384274312740171,2712,1659,0.356083086053412,"40","40",NA,NA,"TRUE",0.342105263157895,"Singlet","pANN_0.25_0.01_340"
"F17.GAGCTGCGTGGTCAAG-1","SeuratProject",4067,2330,"F17","279","Case","Douglas","7F","v3","Nova",54,56.08,6.5,"Caucasian","Female",6196,13428,1292,83202185,0.976,0.274,0.929,0.909,0.925,0.968,0.921,0.068,0.675,0.179,0.771,0.07,0.602,29386,1962,0.659501709819248,2905,2223,0.49176297024834,"40","40",NA,NA,"TRUE",0.526315789473684,"Doublet","pANN_0.25_0.01_340"
"F17.GTGGTTAAGTCACACT-1","SeuratProject",4336,1879,"F17","279","Case","Douglas","7F","v3","Nova",54,56.08,6.5,"Caucasian","Female",6196,13428,1292,83202185,0.976,0.274,0.929,0.909,0.925,0.968,0.921,0.068,0.675,0.179,0.771,0.07,0.602,29386,1962,0.161178908588533,2874,1729,0.438191881918819,"40","40",NA,NA,"TRUE",0.328947368421053,"Singlet","pANN_0.25_0.01_340"
"F17.TATCTTGAGGGCAGTT-1","SeuratProject",5792,2319,"F17","279","Case","Douglas","7F","v3","Nova",54,56.08,6.5,"Caucasian","Female",6196,13428,1292,83202185,0.976,0.274,0.929,0.909,0.925,0.968,0.921,0.068,0.675,0.179,0.771,0.07,0.602,29386,1962,0.0345184673800483,2848,1686,0.189917127071823,"40","40",NA,NA,"TRUE",0.0789473684210526,"Singlet","pANN_0.25_0.01_340"
"F18.GTGCGGTGTAGGGACT-1","SeuratProject",1891,1485,"F18","303","Case","Douglas","2F","v2","Nova",58,55.25,6.21,"Caucasian","Female",979,133968,542,131155319,0.958,0.96,0.926,0.879,0.921,0.919,0.882,0.078,0.402,0.402,0.697,0.1,0.439,21884,662,0.994764397905759,1303,1240,0.634584875727129,"40","40",NA,NA,"TRUE",0.207317073170732,"Singlet","pANN_0.25_0.29_51"
"F2.AGTTCCCCAACTGATC-1","SeuratProject",5353,2175,"F2","69","Case","Douglas","7F","v3","Nova",46,15,6.53,"Caucasian","Female",2281,78099,1243,178145431,0.98,0.808,0.929,0.91,0.926,0.969,0.912,0.06,0.592,0.26,0.789,0.051,0.55,28014,1919,0.0933184023889511,3247,1851,0.280216700915375,"40","40",NA,NA,"TRUE",0.204081632653061,"Singlet","pANN_0.25_0.02_111"
"F21.CCGGGTAAGGTGCTGA-1","SeuratProject",3421,2191,"F21","325","Control","Douglas","7F","v3","Nova",55,36.75,6.2,"Caucasian","Female",1595,84727,1167,135140042,0.979,0.843,0.928,0.912,0.924,0.959,0.89,0.084,0.49,0.317,0.765,0.031,0.49,26351,1895,0.6966618287373,2920,2173,0.321543408360129,"40","40",NA,NA,"TRUE",0.204938271604938,"Singlet","pANN_0.25_0.25_73"
"F23.GTCACAAGTCCGAACC-1","SeuratProject",1102,818,"F23","338","Control","Douglas","2F","v2","Nova",81,53.08,6.37,"Caucasian","Female",1202,119578,1351,143732810,0.967,0.939,0.925,0.87,0.921,0.905,0.871,0.059,0.413,0.399,0.691,0.114,0.703,25267,2088,0.541516245487365,2023,854,0.725952813067151,"40","40",NA,NA,"TRUE",0.304878048780488,"Singlet","pANN_0.25_0.19_58"
"F25.CTACGGGAGAGTGACC-1","SeuratProject",4314,2177,"F25","376","Case","Douglas","12F","v3","Nova",22,38.75,6.21,"Caucasian","Female",3241,45096,1750,146156254,0.981,0.612,0.929,0.911,0.925,0.967,0.914,0.067,0.591,0.256,0.792,0.043,0.812,29403,3227,1.07773446457235,4297,2174,0.996754751970329,"40","40",NA,NA,"TRUE",0.256756756756757,"Singlet","pANN_0.25_0.02_165"
"F25.CTTGAGAGTCTGTCCT-1","SeuratProject",6722,2547,"F25","376","Case","Douglas","12F","v3","Nova",22,38.75,6.21,"Caucasian","Female",3241,45096,1750,146156254,0.981,0.612,0.929,0.911,0.925,0.967,0.914,0.067,0.591,0.256,0.792,0.043,0.812,29403,3227,0.222651031616447,4949,2496,0.431419220470098,"40","40",NA,NA,"TRUE",0.189189189189189,"Singlet","pANN_0.25_0.02_165"
"F25.GGGTCTGCAGTCGGAA-1","SeuratProject",5505,2329,"F25","376","Case","Douglas","12F","v3","Nova",22,38.75,6.21,"Caucasian","Female",3241,45096,1750,146156254,0.981,0.612,0.929,0.911,0.925,0.967,0.914,0.067,0.591,0.256,0.792,0.043,0.812,29403,3227,0.163220892274211,4783,2323,0.290644868301544,"40","40",NA,NA,"TRUE",0.0945945945945946,"Singlet","pANN_0.25_0.02_165"
"F26.CAACCTCTCAAACCGT-1","SeuratProject",1207,776,"F26","397","Control","Douglas","3F","v2","Nova",54,43,5.94,"Caucasian","Female",1077,122247,986,131660340,0.952,0.944,0.924,0.896,0.921,0.925,0.868,0.06,0.434,0.375,0.698,0.102,0.556,24081,1413,0.65843621399177,1275,763,1.24275062137531,"40","40",NA,NA,"TRUE",0.237837837837838,"Singlet","pANN_0.25_0.29_57"
"F31.AGAGCCCTCGTGCGAC-1","SeuratProject",4378,2086,"F31","DM2","Control","NSU","6F","v3","Nova",38,11,6.73,"W","Female",1346,90801,1384,122218442,0.874,0.768,0.927,0.901,0.924,0.957,0.895,0.065,0.488,0.342,0.76,0.06,0.71,27261,2261,0.477381223005228,3008,1912,0.342622201918684,"40","40",NA,NA,"TRUE",0.240540540540541,"Singlet","pANN_0.25_0.22_76"
"F32.GGGATGACAGACAGGT-1","SeuratProject",1084,747,"F32","DM3","Control","NSU","3F","v2","Nova",42,20.41,6.33,"W","Female",1448,72532,1498,105026888,0.947,0.887,0.924,0.89,0.921,0.937,0.9,0.053,0.405,0.442,0.736,0.103,0.606,24914,2358,0.184162062615101,1880,778,0.3690036900369,"40","40",NA,NA,"TRUE",0.357142857142857,"Singlet","pANN_0.25_0.14_81"
"F32.GTCCTCATCGTGGGAA-1","SeuratProject",3110,1977,"F32","DM3","Control","NSU","3F","v2","Nova",42,20.41,6.33,"W","Female",1448,72532,1498,105026888,0.947,0.887,0.924,0.89,0.921,0.937,0.9,0.053,0.405,0.442,0.736,0.103,0.606,24914,2358,3.53598014888337,2827,1970,0.418006430868167,"40","40",NA,NA,"TRUE",0.329365079365079,"Singlet","pANN_0.25_0.14_81"
"F35.ACGCACGGTTCCGGTG-1","SeuratProject",4116,1999,"F35","DM6","Control","NSU","8F","v3","Nova",28,22,NA,"W","Female",4846,25764,1270,124855562,0.974,0.585,0.927,0.897,0.924,0.963,0.892,0.079,0.587,0.227,0.763,0.04,0.576,27850,2210,0.363108206245461,2797,1880,0.21865889212828,"40","40",NA,NA,"TRUE",0.253405994550409,"Singlet","pANN_0.25_0.06_275"
"F35.AGGAAATAGAGAAGGT-1","SeuratProject",3812,1626,"F35","DM6","Control","NSU","8F","v3","Nova",28,22,NA,"W","Female",4846,25764,1270,124855562,0.974,0.585,0.927,0.897,0.924,0.963,0.892,0.079,0.587,0.227,0.763,0.04,0.576,27850,2210,1.06410589151311,2680,1568,0.183630640083945,"40","40",NA,NA,"TRUE",0.258855585831063,"Singlet","pANN_0.25_0.06_275"
"F35.CGCCAGATCACTTATC-1","SeuratProject",3015,1835,"F35","DM6","Control","NSU","8F","v3","Nova",28,22,NA,"W","Female",4846,25764,1270,124855562,0.974,0.585,0.927,0.897,0.924,0.963,0.892,0.079,0.587,0.227,0.763,0.04,0.576,27850,2210,0.593471810089021,2586,1831,0.497512437810945,"40","40",NA,NA,"TRUE",0.239782016348774,"Singlet","pANN_0.25_0.06_275"
"F37.CATTGCCGTAACATCC-1","SeuratProject",9302,3137,"F37","DM8","Control","NSU","8F","v3","Nova",23,10.5,5.81,"AA","Female",1502,87918,2020,132053155,0.963,0.838,0.924,0.898,0.921,0.948,0.792,0.082,0.389,0.321,0.677,0.025,0.807,26141,5017,0.428173838578463,5972,2950,0.365512792947753,"40","40",NA,NA,"TRUE",0.2,"Singlet","pANN_0.25_0.02_57"
"F4.TGTGGCGTCGTAGTCA-1","SeuratProject",2540,1299,"F4","114","Case","Douglas","6F","v3","Nova",25,56,6.55,"Caucasian","Female",6340,28441,1340,180318423,0.933,0.544,0.927,0.902,0.924,0.962,0.92,0.07,0.624,0.226,0.783,0.055,0.795,30468,2176,0.93603744149766,2530,1298,0.236220472440945,"40","40",NA,NA,"TRUE",0.442953020134228,"Doublet","pANN_0.25_0.02_336"
"F5.ACTCCCAGTTGTGCAT-1","SeuratProject",4975,2563,"F5","117","Case","Douglas","6F","v3","BGI",54,28.5,6.77,"Caucasian","Female",8004,44998,1363,360170160,0.972,0.644,0.875,0.869,0.86,0.973,0.939,0.068,0.654,0.217,0.784,0.075,0.71,31250,2114,0.698602794411178,3666,2462,0.442211055276382,"40","40",NA,NA,"TRUE",0.257258064516129,"Singlet","pANN_0.25_0.29_385"
"F5.GCACATATCCCTTGTG-1","SeuratProject",5506,2501,"F5","117","Case","Douglas","6F","v3","BGI",54,28.5,6.77,"Caucasian","Female",8004,44998,1363,360170160,0.972,0.644,0.875,0.869,0.86,0.973,0.939,0.068,0.654,0.217,0.784,0.075,0.71,31250,2114,0.307803729856962,3680,2318,0.326916091536506,"40","40",NA,NA,"TRUE",0.245564516129032,"Singlet","pANN_0.25_0.29_385"
"F7.TGACAGTGTATCGTTG-1","SeuratProject",2616,1459,"F7","143","Control","Douglas","7F","v3","Nova",49,67.25,6.81,"Caucasian","Female",729,142071,1440,103569831,0.98,0.863,0.928,0.911,0.924,0.963,0.899,0.081,0.547,0.271,0.775,0.032,0.541,24916,2604,1.0590015128593,3385,1450,0.344036697247706,"40","40",NA,NA,"TRUE",0.09375,"Singlet","pANN_0.25_0.14_31"
"M1.AGGCCACAGCGTCAAG-1","SeuratProject",1114,850,"M1","10","Case","Douglas","5M","v2","HiSeq",19,29.5,6.17,"Caucasian","Male",2907,64040,1880,186166819,0.985,0.849,0.973,0.756,0.974,0.932,0.908,0.042,0.356,0.511,0.69,0.169,0.695,27608,2985,0.35778175313059,2350,976,1.34649910233393,"40","40",NA,NA,"TRUE",0.198952879581152,"Singlet","pANN_0.25_0.05_172"
"M1.TACCTATTCTGCTGTC-1","SeuratProject",5206,2824,"M1","10","Case","Douglas","5M","v2","HiSeq",19,29.5,6.17,"Caucasian","Male",2907,64040,1880,186166819,0.985,0.849,0.973,0.756,0.974,0.932,0.908,0.042,0.356,0.511,0.69,0.169,0.695,27608,2985,0.686760778328882,3702,2696,0.82597003457549,"40","40",NA,NA,"TRUE",0.335078534031414,"Singlet","pANN_0.25_0.05_172"
"M1.TGAGCATAGCTGTTCA-1","SeuratProject",936,738,"M1","10","Case","Douglas","5M","v2","HiSeq",19,29.5,6.17,"Caucasian","Male",2907,64040,1880,186166819,0.985,0.849,0.973,0.756,0.974,0.932,0.908,0.042,0.356,0.511,0.69,0.169,0.695,27608,2985,1.47368421052632,2207,907,1.70940170940171,"40","40",NA,NA,"TRUE",0.240837696335079,"Singlet","pANN_0.25_0.05_172"
"M10.ATCTGCCCACACGCTG-1","SeuratProject",2546,1600,"M10","142","Case","Douglas","3M","v2","HiSeq",47,62.25,6.79,"Caucasian","Male",2576,65178,2346,167900931,0.982,0.799,0.972,0.797,0.971,0.935,0.905,0.051,0.522,0.333,0.591,0.257,0.804,28721,4121,0.779423226812159,3312,1632,1.21759622937942,"40","40",NA,NA,"TRUE",0.287321063394683,"Singlet","pANN_0.25_0.29_152"
"M10.GCATGCGGTAGGCTGA-1","SeuratProject",1550,1152,"M10","142","Case","Douglas","3M","v2","HiSeq",47,62.25,6.79,"Caucasian","Male",2576,65178,2346,167900931,0.982,0.799,0.972,0.797,0.971,0.935,0.905,0.051,0.522,0.333,0.591,0.257,0.804,28721,4121,0.641025641025641,3446,1343,0.838709677419355,"40","40",NA,NA,"TRUE",0.294478527607362,"Singlet","pANN_0.25_0.29_152"
"M12.AACTCTTAGATGTGTA-1","SeuratProject",1379,992,"M12","15","Control","Doulgas","3M","v2","HiSeq",30,30,6.37,"Caucasian","Male",2630,71666,1321,188484038,0.984,0.808,0.969,0.724,0.968,0.894,0.871,0.042,0.285,0.544,0.688,0.135,0.714,28026,2041,0.361271676300578,1532,989,2.03045685279188,"40","40",NA,NA,"TRUE",0.0689655172413793,"Singlet","pANN_0.25_0.01_130"
"M13.CGAGCACCAAACCTAC-1","SeuratProject",2413,1412,"M13","150","Control","Doulgas","3M","v2","HiSeq",52,72.5,6.11,"Caucasian","Male",2421,78308,1598,189585988,0.983,0.873,0.973,0.792,0.972,0.928,0.903,0.052,0.339,0.511,0.711,0.133,0.721,26935,2421,0.453795379537954,2399,1401,0.78740157480315,"40","40",NA,NA,"TRUE",0.217142857142857,"Singlet","pANN_0.25_0.06_131"
"M15.ACATCAGAGGCATGGT-1","SeuratProject",1731,1116,"M15","17","Control","Doulgas","4M","v2","HiSeq",41,24,6,"Caucasian","Male",3840,47076,1829,180773487,0.984,0.811,0.975,0.853,0.975,0.955,0.928,0.05,0.475,0.403,0.622,0.249,0.823,28660,2881,0.859106529209622,2221,1126,1.55979202772964,"40","40",NA,NA,"TRUE",0.255357142857143,"Singlet","pANN_0.25_0.11_229"
"M15.GTTAAGCCATAGACTC-1","SeuratProject",3031,1774,"M15","17","Control","Doulgas","4M","v2","HiSeq",41,24,6,"Caucasian","Male",3840,47076,1829,180773487,0.984,0.811,0.975,0.853,0.975,0.955,0.928,0.05,0.475,0.403,0.622,0.249,0.823,28660,2881,0.427069645203679,3003,1769,1.08874958759485,"40","40",NA,NA,"TRUE",0.210714285714286,"Singlet","pANN_0.25_0.11_229"
"M16.CGCTGGACAATCGAAA-1","SeuratProject",2013,1312,"M16","173","Control","Doulgas","6M","v2","HiSeq",20,12,6.3,"Caucasian","Male",1281,155711,1949,199466538,0.986,0.943,0.968,0.66,0.968,0.89,0.866,0.049,0.469,0.349,0.614,0.196,0.839,26689,2881,0.198314328210213,2282,1309,3.03030303030303,"40","40",NA,NA,"TRUE",0.2,"Singlet","pANN_0.25_0.1_76"
"M16.GACAGAGAGCTGCGAA-1","SeuratProject",2111,1416,"M16","173","Control","Doulgas","6M","v2","HiSeq",20,12,6.3,"Caucasian","Male",1281,155711,1949,199466538,0.986,0.943,0.968,0.66,0.968,0.89,0.866,0.049,0.469,0.349,0.614,0.196,0.839,26689,2881,0.283419933868682,2336,1414,1.27901468498342,"40","40",NA,NA,"TRUE",0.147058823529412,"Singlet","pANN_0.25_0.1_76"
"M16.GTCACAATCGTCTGCT-1","SeuratProject",1869,1207,"M16","173","Control","Doulgas","6M","v2","HiSeq",20,12,6.3,"Caucasian","Male",1281,155711,1949,199466538,0.986,0.943,0.968,0.66,0.968,0.89,0.866,0.049,0.469,0.349,0.614,0.196,0.839,26689,2881,0.373134328358209,2279,1205,1.49812734082397,"40","40",NA,NA,"TRUE",0.147058823529412,"Singlet","pANN_0.25_0.1_76"
"M16.TTCTTAGCACAGATTC-1","SeuratProject",1298,946,"M16","173","Control","Doulgas","6M","v2","HiSeq",20,12,6.3,"Caucasian","Male",1281,155711,1949,199466538,0.986,0.943,0.968,0.66,0.968,0.89,0.866,0.049,0.469,0.349,0.614,0.196,0.839,26689,2881,0.230591852421214,2326,986,1.61787365177196,"40","40",NA,NA,"TRUE",0.170588235294118,"Singlet","pANN_0.25_0.1_76"
"M17.GTATCTTAGCAATCTC-1","SeuratProject",2552,1419,"M17","183","Case","Douglas","1M","v2","HiSeq",64,27.75,6.25,"Caucasian","Male",3579,35056,1274,125467379,0.964,0.827,0.981,0.748,0.983,0.875,0.837,0.057,0.566,0.214,0.519,0.254,0.842,27314,1976,0.0391696043869957,2334,1410,0.313479623824451,"40","40",NA,NA,"TRUE",0.145833333333333,"Singlet","pANN_0.25_0.01_215"
"M19.ATAGACCAGGATGTAT-1","SeuratProject",986,757,"M19","185","Control","Doulgas","6M","v2","HiSeq",48,14,6.25,"Caucasian","Male",2600,77440,1766,201344993,0.986,0.901,0.97,0.671,0.972,0.89,0.866,0.052,0.481,0.333,0.631,0.176,0.803,27809,2604,0,2062,852,1.3184584178499,"40","40",NA,NA,"TRUE",0.327800829875519,"Singlet","pANN_0.25_0.07_155"
"M19.ATTCTACCAGTTAACC-1","SeuratProject",1055,773,"M19","185","Control","Doulgas","6M","v2","HiSeq",48,14,6.25,"Caucasian","Male",2600,77440,1766,201344993,0.986,0.901,0.97,0.671,0.972,0.89,0.866,0.052,0.481,0.333,0.631,0.176,0.803,27809,2604,0.659133709981168,2125,847,0.853080568720379,"40","40",NA,NA,"TRUE",0.302904564315353,"Singlet","pANN_0.25_0.07_155"
"M19.GATCTAGAGAGCTTCT-1","SeuratProject",1128,864,"M19","185","Control","Doulgas","6M","v2","HiSeq",48,14,6.25,"Caucasian","Male",2600,77440,1766,201344993,0.986,0.901,0.97,0.671,0.972,0.89,0.866,0.052,0.481,0.333,0.631,0.176,0.803,27809,2604,0.176991150442478,2110,913,0.620567375886525,"40","40",NA,NA,"TRUE",0.261410788381743,"Singlet","pANN_0.25_0.07_155"
"M2.GGGAATGAGCACCGTC-1","SeuratProject",1292,1009,"M2","104","Control","Doulgas","6M","v2","HiSeq",87,37,6.47,"Caucasian","Male",2062,83703,1128,172596225,0.986,0.939,0.968,0.723,0.97,0.922,0.896,0.054,0.461,0.38,0.702,0.132,0.744,26229,1440,0.462249614791988,1287,995,1.0061919504644,"40","40",NA,NA,"TRUE",0.0714285714285714,"Singlet","pANN_0.25_0.005_122"
"M20.ACCCACTTCAGAGACG-1","SeuratProject",2547,1583,"M20","20","Control","Doulgas","4M","v2","HiSeq",31,29.5,6.67,"Caucasian","Male",4491,40626,1815,182454989,0.983,0.722,0.972,0.821,0.971,0.946,0.918,0.053,0.5,0.366,0.597,0.261,0.786,29384,2935,0.430023455824863,2643,1579,1.06007067137809,"40","40",NA,NA,"TRUE",0.274694261523989,"Singlet","pANN_0.25_0.18_266"
"M20.CACCAGGCAAGGACTG-1","SeuratProject",2429,1625,"M20","20","Control","Doulgas","4M","v2","HiSeq",31,29.5,6.67,"Caucasian","Male",4491,40626,1815,182454989,0.983,0.722,0.972,0.821,0.971,0.946,0.918,0.053,0.5,0.366,0.597,0.261,0.786,29384,2935,0.735594605639559,2545,1622,1.85261424454508,"40","40",NA,NA,"TRUE",0.184383819379116,"Singlet","pANN_0.25_0.18_266"
"M20.TCATTTGAGAATGTTG-1","SeuratProject",1792,1206,"M20","20","Control","Doulgas","4M","v2","HiSeq",31,29.5,6.67,"Caucasian","Male",4491,40626,1815,182454989,0.983,0.722,0.972,0.821,0.971,0.946,0.918,0.053,0.5,0.366,0.597,0.261,0.786,29384,2935,0.111482720178372,2315,1209,0.558035714285714,"40","40",NA,NA,"TRUE",0.333960489181562,"Singlet","pANN_0.25_0.18_266"
"M20.TGGGAAGAGTCCCACG-1","SeuratProject",2085,1353,"M20","20","Control","Doulgas","4M","v2","HiSeq",31,29.5,6.67,"Caucasian","Male",4491,40626,1815,182454989,0.983,0.722,0.972,0.821,0.971,0.946,0.918,0.053,0.5,0.366,0.597,0.261,0.786,29384,2935,0.334608030592734,2387,1353,1.00719424460432,"40","40",NA,NA,"TRUE",0.276575729068674,"Singlet","pANN_0.25_0.18_266"
"M21.CCTCAGTTCCATGAGT-1","SeuratProject",2417,1355,"M21","215","Control","Doulgas","2M","v2","HiSeq",43,27,6.7,"Caucasian","Male",2220,64921,2543,144125115,0.981,0.798,0.973,0.699,0.975,0.908,0.875,0.059,0.559,0.257,0.553,0.255,0.87,28732,4610,0.575894693541752,3925,1464,0.868845676458419,"40","40",NA,NA,"TRUE",0.179310344827586,"Singlet","pANN_0.25_0.1_130"
"M21.GATCTAGGTGATGCCC-1","SeuratProject",1105,770,"M21","215","Control","Doulgas","2M","v2","HiSeq",43,27,6.7,"Caucasian","Male",2220,64921,2543,144125115,0.981,0.798,0.973,0.699,0.975,0.908,0.875,0.059,0.559,0.257,0.553,0.255,0.87,28732,4610,2.72887323943662,3534,1218,0.361990950226244,"40","40",NA,NA,"TRUE",0.396551724137931,"Doublet","pANN_0.25_0.1_130"
"M26.GTCTTCGCATGTCGAT-1","SeuratProject",926,726,"M26","305","Case","Douglas","5M","v2","HiSeq",32,51.33,6.36,"Caucasian","Male",1960,82949,1427,162581974,0.984,0.891,0.971,0.778,0.973,0.942,0.909,0.058,0.547,0.304,0.612,0.231,0.683,27139,2155,2.73109243697479,1719,772,0.971922246220302,"40","40",NA,NA,"TRUE",0.130769230769231,"Singlet","pANN_0.25_0.05_117"
"M26.TCCCGATAGCCTTGAT-1","SeuratProject",1298,838,"M26","305","Case","Douglas","5M","v2","HiSeq",32,51.33,6.36,"Caucasian","Male",1960,82949,1427,162581974,0.984,0.891,0.971,0.778,0.973,0.942,0.909,0.058,0.547,0.304,0.612,0.231,0.683,27139,2155,0.230591852421214,1652,845,1.30970724191063,"40","40",NA,NA,"TRUE",0.107692307692308,"Singlet","pANN_0.25_0.05_117"
"M26.TGCGTGGTCCGCATAA-1","SeuratProject",1019,749,"M26","305","Case","Douglas","5M","v2","HiSeq",32,51.33,6.36,"Caucasian","Male",1960,82949,1427,162581974,0.984,0.891,0.971,0.778,0.973,0.942,0.909,0.058,0.547,0.304,0.612,0.231,0.683,27139,2155,0.293542074363992,1609,776,1.17762512266928,"40","40",NA,NA,"TRUE",0.0846153846153846,"Singlet","pANN_0.25_0.05_117"
"M27.CCTCAGTGTCTGCCAG-1","SeuratProject",1905,1297,"M27","31","Control","Doulgas","5M","v2","HiSeq",21,24,6.42,"Caucasian","Male",1234,153246,1091,189106267,0.985,0.943,0.969,0.746,0.97,0.924,0.895,0.045,0.304,0.546,0.725,0.118,0.601,25140,1445,0.729546638874414,1769,1288,1.25984251968504,"40","40",NA,NA,"TRUE",0.1125,"Singlet","pANN_0.25_0.05_72"
"M29.CATATTCAGTAGGTGC-1","SeuratProject",1052,729,"M29","36","Control","Doulgas","6M","v2","HiSeq",27,20.5,6.55,"Caucasian","Male",2141,84772,1416,181498297,0.986,0.904,0.97,0.686,0.972,0.893,0.868,0.049,0.427,0.392,0.67,0.141,0.677,27079,1996,0.754716981132076,1449,737,0.570342205323194,"40","40",NA,NA,"TRUE",0.178571428571429,"Singlet","pANN_0.25_0.02_125"
"M29.CGTTAGAGTGTGAAAT-1","SeuratProject",1625,1147,"M29","36","Control","Doulgas","6M","v2","HiSeq",27,20.5,6.55,"Caucasian","Male",2141,84772,1416,181498297,0.986,0.904,0.97,0.686,0.972,0.893,0.868,0.049,0.427,0.392,0.67,0.141,0.677,27079,1996,0.672371638141809,1693,1143,0.984615384615385,"40","40",NA,NA,"TRUE",0.160714285714286,"Singlet","pANN_0.25_0.02_125"
"M29.CTGCCTATCTGTCCGT-1","SeuratProject",1538,1103,"M29","36","Control","Doulgas","6M","v2","HiSeq",27,20.5,6.55,"Caucasian","Male",2141,84772,1416,181498297,0.986,0.904,0.97,0.686,0.972,0.893,0.868,0.049,0.427,0.392,0.67,0.141,0.677,27079,1996,3.4526051475204,1624,1098,0.650195058517555,"40","40",NA,NA,"TRUE",0.160714285714286,"Singlet","pANN_0.25_0.02_125"
"M29.GAATAAGAGGATGGTC-1","SeuratProject",1374,955,"M29","36","Control","Doulgas","6M","v2","HiSeq",27,20.5,6.55,"Caucasian","Male",2141,84772,1416,181498297,0.986,0.904,0.97,0.686,0.972,0.893,0.868,0.049,0.427,0.392,0.67,0.141,0.677,27079,1996,0.434782608695652,1529,952,0.655021834061135,"40","40",NA,NA,"TRUE",0.125,"Singlet","pANN_0.25_0.02_125"
"M3.ACGAGGAGTCATCCCT-1","SeuratProject",1792,1165,"M3","11","Control","Doulgas","3M","v2","HiSeq",19,32,6.55,"Caucasian","Male",1552,124179,935,192726447,0.984,0.909,0.969,0.778,0.968,0.921,0.892,0.065,0.417,0.41,0.675,0.145,0.527,25608,1306,0.389105058365759,1655,1151,0.669642857142857,"40","40",NA,NA,"TRUE",0.0535714285714286,"Singlet","pANN_0.25_0.03_83"
"M3.GAATAAGAGAGATGAG-1","SeuratProject",1516,1087,"M3","11","Control","Doulgas","3M","v2","HiSeq",19,32,6.55,"Caucasian","Male",1552,124179,935,192726447,0.984,0.909,0.969,0.778,0.968,0.921,0.892,0.065,0.417,0.41,0.675,0.145,0.527,25608,1306,0.915032679738562,1491,1079,0.989445910290238,"40","40",NA,NA,"TRUE",0.125,"Singlet","pANN_0.25_0.03_83"
"M32.CCTCAGTAGTTCGCGC-1","SeuratProject",1756,1242,"M32","58","Case","Douglas","4M","v2","HiSeq",22,20,6.71,"Caucasian","Male",2610,59708,1773,155839880,0.984,0.864,0.971,0.835,0.971,0.946,0.917,0.06,0.563,0.294,0.631,0.217,0.806,27934,2859,0.0569151963574274,2238,1253,0.740318906605923,"40","40",NA,NA,"TRUE",0.340909090909091,"Singlet","pANN_0.25_0.09_154"
"M32.CGAGCCATCAGGCCCA-1","SeuratProject",1042,768,"M32","58","Case","Douglas","4M","v2","HiSeq",22,20,6.71,"Caucasian","Male",2610,59708,1773,155839880,0.984,0.864,0.971,0.835,0.971,0.946,0.917,0.06,0.563,0.294,0.631,0.217,0.806,27934,2859,0.382409177820268,2297,903,1.24760076775432,"40","40",NA,NA,"TRUE",0.357142857142857,"Singlet","pANN_0.25_0.09_154"
"M32.CGATGTATCCGCGTTT-1","SeuratProject",1236,945,"M32","58","Case","Douglas","4M","v2","HiSeq",22,20,6.71,"Caucasian","Male",2610,59708,1773,155839880,0.984,0.864,0.971,0.835,0.971,0.946,0.917,0.06,0.563,0.294,0.631,0.217,0.806,27934,2859,0.242130750605327,2322,1041,0.889967637540453,"40","40",NA,NA,"TRUE",0.266233766233766,"Singlet","pANN_0.25_0.09_154"
"M32.GTTCGGGAGTTTCCTT-1","SeuratProject",1498,1006,"M32","58","Case","Douglas","4M","v2","HiSeq",22,20,6.71,"Caucasian","Male",2610,59708,1773,155839880,0.984,0.864,0.971,0.835,0.971,0.946,0.917,0.06,0.563,0.294,0.631,0.217,0.806,27934,2859,0.133333333333333,2216,1040,0.867823765020027,"40","40",NA,NA,"TRUE",0.327922077922078,"Singlet","pANN_0.25_0.09_154"
"M33.ACCCACTCATCCCATC-1","SeuratProject",1888,1169,"M33","67","Case","Douglas","3M","v2","HiSeq",22,24,6.68,"Caucasian","Male",2374,69689,1785,165442101,0.983,0.843,0.965,0.779,0.964,0.925,0.891,0.059,0.573,0.26,0.535,0.291,0.791,28131,2907,0.316789862724393,2348,1179,0.953389830508475,"40","40",NA,NA,"TRUE",0.375,"Doublet","pANN_0.25_0.005_142"
"M33.CACAGGCCACTGTCGG-1","SeuratProject",1746,1115,"M33","67","Case","Douglas","3M","v2","HiSeq",22,24,6.68,"Caucasian","Male",2374,69689,1785,165442101,0.983,0.843,0.965,0.779,0.964,0.925,0.891,0.059,0.573,0.26,0.535,0.291,0.791,28131,2907,0.228571428571429,2268,1125,1.03092783505155,"40","40",NA,NA,"TRUE",0.375,"Doublet","pANN_0.25_0.005_142"
"M33.CGTTGGGAGCCAGAAC-1","SeuratProject",1205,851,"M33","67","Case","Douglas","3M","v2","HiSeq",22,24,6.68,"Caucasian","Male",2374,69689,1785,165442101,0.983,0.843,0.965,0.779,0.964,0.925,0.891,0.059,0.573,0.26,0.535,0.291,0.791,28131,2907,0.165700082850041,2360,921,0.497925311203319,"40","40",NA,NA,"TRUE",0.3125,"Doublet","pANN_0.25_0.005_142"
"M33.CTCTACGGTTCGCTAA-1","SeuratProject",1746,1175,"M33","67","Case","Douglas","3M","v2","HiSeq",22,24,6.68,"Caucasian","Male",2374,69689,1785,165442101,0.983,0.843,0.965,0.779,0.964,0.925,0.891,0.059,0.573,0.26,0.535,0.291,0.791,28131,2907,0.171526586620926,2262,1176,1.26002290950745,"40","40",NA,NA,"TRUE",0.3125,"Doublet","pANN_0.25_0.005_142"
"M33.CTCTACGTCTCCGGTT-1","SeuratProject",1072,735,"M33","67","Case","Douglas","3M","v2","HiSeq",22,24,6.68,"Caucasian","Male",2374,69689,1785,165442101,0.983,0.843,0.965,0.779,0.964,0.925,0.891,0.059,0.573,0.26,0.535,0.291,0.791,28131,2907,0,2376,835,0.746268656716418,"40","40",NA,NA,"TRUE",0.3125,"Doublet","pANN_0.25_0.005_142"
"M7.ACATGGTCATTCTCAT-1","SeuratProject",1884,1260,"M7","133","Control","Doulgas","5M","v2","HiSeq",42,63,6.75,"Caucasian","Male",2285,72512,1575,165691769,0.985,0.898,0.971,0.743,0.973,0.924,0.895,0.049,0.445,0.401,0.701,0.138,0.707,26528,2391,0.158982511923688,2020,1257,0.743099787685775,"40","40",NA,NA,"TRUE",0.375,"Singlet","pANN_0.25_0.09_136"
"M8.CGTGTCTGTATCTGCA-1","SeuratProject",792,664,"M8","134","Case","Douglas","4M","v2","HiSeq",42,31,6.78,"Caucasian","Male",1965,97837,2307,192250367,0.985,0.879,0.975,0.85,0.975,0.957,0.935,0.046,0.386,0.502,0.705,0.177,0.718,27456,3967,2.7027027027027,2719,1139,4.7979797979798,"40","40",NA,NA,"TRUE",0.384615384615385,"Doublet","pANN_0.25_0.01_116"
"M9.AGCGGTCCACAAGCCC-1","SeuratProject",1173,873,"M9","135","Control","Doulgas","4M","v2","HiSeq",18,68.5,6.87,"Caucasian","Male",1339,136149,1196,182304080,0.985,0.949,0.972,0.831,0.972,0.953,0.929,0.05,0.472,0.407,0.724,0.147,0.782,25209,1668,0.170212765957447,1294,867,3.15430520034101,"40","40",NA,NA,"TRUE",0.111111111111111,"Singlet","pANN_0.25_0.01_79"
"M9.GCGGGTTAGCGCTCCA-1","SeuratProject",1075,747,"M9","135","Control","Doulgas","4M","v2","HiSeq",18,68.5,6.87,"Caucasian","Male",1339,136149,1196,182304080,0.985,0.949,0.972,0.831,0.972,0.953,0.929,0.05,0.472,0.407,0.724,0.147,0.782,25209,1668,0.185701021355617,1281,743,1.58139534883721,"40","40",NA,NA,"TRUE",0.0555555555555556,"Singlet","pANN_0.25_0.01_79"
"M9.TCACAAGTCCTGTACC-1","SeuratProject",1122,851,"M9","135","Control","Doulgas","4M","v2","HiSeq",18,68.5,6.87,"Caucasian","Male",1339,136149,1196,182304080,0.985,0.949,0.972,0.831,0.972,0.953,0.929,0.05,0.472,0.407,0.724,0.147,0.782,25209,1668,0.970873786407767,1271,846,2.58467023172906,"40","40",NA,NA,"TRUE",0.277777777777778,"Singlet","pANN_0.25_0.01_79"
"M9.TGCCCTAGTACGAAAT-1","SeuratProject",1302,904,"M9","135","Control","Doulgas","4M","v2","HiSeq",18,68.5,6.87,"Caucasian","Male",1339,136149,1196,182304080,0.985,0.949,0.972,0.831,0.972,0.953,0.929,0.05,0.472,0.407,0.724,0.147,0.782,25209,1668,0.0767459708365311,1377,897,1.38248847926267,"40","40",NA,NA,"TRUE",0.388888888888889,"Doublet","pANN_0.25_0.01_79"
